{
    "0.0": {
        "precision": 0.8604553119730185,
        "recall": 0.8447847682119205,
        "f1-score": 0.852548036758563,
        "support": 2416.0
    },
    "1.0": {
        "precision": 0.7925884955752213,
        "recall": 0.812358276643991,
        "f1-score": 0.8023516237402015,
        "support": 1764.0
    },
    "accuracy": 0.8311004784688996,
    "macro avg": {
        "precision": 0.8265219037741198,
        "recall": 0.8285715224279557,
        "f1-score": 0.8274498302493822,
        "support": 4180.0
    },
    "weighted avg": {
        "precision": 0.8318148660099289,
        "recall": 0.8311004784688996,
        "f1-score": 0.8313646701163645,
        "support": 4180.0
    }
}