{
    "0.0": {
        "precision": 0.8614328614328615,
        "recall": 0.8311258278145696,
        "f1-score": 0.8460080050558247,
        "support": 2416.0
    },
    "1.0": {
        "precision": 0.77934018388318,
        "recall": 0.8168934240362812,
        "f1-score": 0.7976750622751176,
        "support": 1764.0
    },
    "accuracy": 0.8251196172248804,
    "macro avg": {
        "precision": 0.8203865226580207,
        "recall": 0.8240096259254254,
        "f1-score": 0.8218415336654712,
        "support": 4180.0
    },
    "weighted avg": {
        "precision": 0.8267889659310342,
        "recall": 0.8251196172248804,
        "f1-score": 0.8256110406861675,
        "support": 4180.0
    }
}