{
    "0.0": {
        "precision": 0.8583617747440273,
        "recall": 0.8327814569536424,
        "f1-score": 0.8453781512605042,
        "support": 2416.0
    },
    "1.0": {
        "precision": 0.7799564270152506,
        "recall": 0.8117913832199547,
        "f1-score": 0.7955555555555556,
        "support": 1764.0
    },
    "accuracy": 0.8239234449760765,
    "macro avg": {
        "precision": 0.819159100879639,
        "recall": 0.8222864200867985,
        "f1-score": 0.8204668534080299,
        "support": 4180.0
    },
    "weighted avg": {
        "precision": 0.8252739677120746,
        "recall": 0.8239234449760765,
        "f1-score": 0.8243525391017652,
        "support": 4180.0
    }
}