{
    "0.0": {
        "precision": 0.9035385361124576,
        "recall": 0.7715231788079471,
        "f1-score": 0.8323286447867828,
        "support": 2416.0
    },
    "1.0": {
        "precision": 0.7392536608408125,
        "recall": 0.88718820861678,
        "f1-score": 0.8064931718629219,
        "support": 1764.0
    },
    "accuracy": 0.820334928229665,
    "macro avg": {
        "precision": 0.8213960984766351,
        "recall": 0.8293556937123636,
        "f1-score": 0.8194109083248524,
        "support": 4180.0
    },
    "weighted avg": {
        "precision": 0.8342087466437538,
        "recall": 0.820334928229665,
        "f1-score": 0.8214258279835076,
        "support": 4180.0
    }
}