{
    "0.0": {
        "precision": 0.8871415356151712,
        "recall": 0.7938741721854304,
        "f1-score": 0.8379204892966361,
        "support": 2416.0
    },
    "1.0": {
        "precision": 0.7532210109018831,
        "recall": 0.8616780045351474,
        "f1-score": 0.8038075092543627,
        "support": 1764.0
    },
    "accuracy": 0.8224880382775119,
    "macro avg": {
        "precision": 0.8201812732585272,
        "recall": 0.8277760883602889,
        "f1-score": 0.8208639992754994,
        "support": 4180.0
    },
    "weighted avg": {
        "precision": 0.830625792650042,
        "recall": 0.8224880382775119,
        "f1-score": 0.8235244852787964,
        "support": 4180.0
    }
}