{
    "0.0": {
        "precision": 0.9055857637172516,
        "recall": 0.7582781456953642,
        "f1-score": 0.8254111286325749,
        "support": 2416.0
    },
    "1.0": {
        "precision": 0.7292535929531757,
        "recall": 0.8917233560090703,
        "f1-score": 0.8023463402193318,
        "support": 1764.0
    },
    "accuracy": 0.8145933014354066,
    "macro avg": {
        "precision": 0.8174196783352137,
        "recall": 0.8250007508522172,
        "f1-score": 0.8138787344259534,
        "support": 4180.0
    },
    "weighted avg": {
        "precision": 0.8311719002656177,
        "recall": 0.8145933014354066,
        "f1-score": 0.8156775672065077,
        "support": 4180.0
    }
}