{
    "0.0": {
        "precision": 0.9045764362220059,
        "recall": 0.7690397350993378,
        "f1-score": 0.8313199105145413,
        "support": 2416.0
    },
    "1.0": {
        "precision": 0.7375352775164629,
        "recall": 0.8888888888888888,
        "f1-score": 0.8061696658097687,
        "support": 1764.0
    },
    "accuracy": 0.8196172248803828,
    "macro avg": {
        "precision": 0.8210558568692343,
        "recall": 0.8289643119941132,
        "f1-score": 0.818744788162155,
        "support": 4180.0
    },
    "weighted avg": {
        "precision": 0.834083468768279,
        "recall": 0.8196172248803828,
        "f1-score": 0.8207062665769291,
        "support": 4180.0
    }
}