{
    "0.0": {
        "precision": 0.8949361097964978,
        "recall": 0.7826986754966887,
        "f1-score": 0.835062927798631,
        "support": 2416.0
    },
    "1.0": {
        "precision": 0.7460087082728593,
        "recall": 0.8741496598639455,
        "f1-score": 0.8050117462803446,
        "support": 1764.0
    },
    "accuracy": 0.8212918660287082,
    "macro avg": {
        "precision": 0.8204724090346786,
        "recall": 0.8284241676803171,
        "f1-score": 0.8200373370394878,
        "support": 4180.0
    },
    "weighted avg": {
        "precision": 0.8320873212109241,
        "recall": 0.8212918660287082,
        "f1-score": 0.8223810416267991,
        "support": 4180.0
    }
}