{
    "0.0": {
        "precision": 0.83375,
        "recall": 0.828228476821192,
        "f1-score": 0.8309800664451827,
        "support": 2416.0
    },
    "1.0": {
        "precision": 0.7668539325842697,
        "recall": 0.7738095238095238,
        "f1-score": 0.7703160270880361,
        "support": 1764.0
    },
    "accuracy": 0.8052631578947368,
    "macro avg": {
        "precision": 0.8003019662921349,
        "recall": 0.8010190003153579,
        "f1-score": 0.8006480467666095,
        "support": 4180.0
    },
    "weighted avg": {
        "precision": 0.8055192193968066,
        "recall": 0.8052631578947368,
        "f1-score": 0.8053792613193439,
        "support": 4180.0
    }
}