{
    "0.0": {
        "precision": 0.8911723493694536,
        "recall": 0.7897350993377483,
        "f1-score": 0.837393021724819,
        "support": 2416.0
    },
    "1.0": {
        "precision": 0.7508582638548308,
        "recall": 0.8679138321995464,
        "f1-score": 0.8051538259268998,
        "support": 1764.0
    },
    "accuracy": 0.8227272727272728,
    "macro avg": {
        "precision": 0.8210153066121422,
        "recall": 0.8288244657686474,
        "f1-score": 0.8212734238258594,
        "support": 4180.0
    },
    "weighted avg": {
        "precision": 0.831958462563761,
        "recall": 0.8227272727272728,
        "f1-score": 0.8237877725890465,
        "support": 4180.0
    }
}