{
    "0.0": {
        "precision": 0.8837528604118993,
        "recall": 0.7992549668874173,
        "f1-score": 0.8393827428819822,
        "support": 2416.0
    },
    "1.0": {
        "precision": 0.7568922305764411,
        "recall": 0.8560090702947846,
        "f1-score": 0.8034051609470604,
        "support": 1764.0
    },
    "accuracy": 0.8232057416267943,
    "macro avg": {
        "precision": 0.8203225454941702,
        "recall": 0.8276320185911009,
        "f1-score": 0.8213939519145212,
        "support": 4180.0
    },
    "weighted avg": {
        "precision": 0.830216460644017,
        "recall": 0.8232057416267943,
        "f1-score": 0.8241998590223645,
        "support": 4180.0
    }
}