{
    "0.0": {
        "precision": 0.8646060078363083,
        "recall": 0.8220198675496688,
        "f1-score": 0.8427753023551878,
        "support": 2416.0
    },
    "1.0": {
        "precision": 0.7716409984067977,
        "recall": 0.8236961451247166,
        "f1-score": 0.7968193035371538,
        "support": 1764.0
    },
    "accuracy": 0.8227272727272728,
    "macro avg": {
        "precision": 0.818123503121553,
        "recall": 0.8228580063371926,
        "f1-score": 0.8197973029461708,
        "support": 4180.0
    },
    "weighted avg": {
        "precision": 0.8253738842397396,
        "recall": 0.8227272727272728,
        "f1-score": 0.8233814310836538,
        "support": 4180.0
    }
}