{
    "0.0": {
        "precision": 0.8880111524163569,
        "recall": 0.7909768211920529,
        "f1-score": 0.8366900175131349,
        "support": 2416.0
    },
    "1.0": {
        "precision": 0.7509861932938856,
        "recall": 0.8633786848072562,
        "f1-score": 0.8032700421940928,
        "support": 1764.0
    },
    "accuracy": 0.8215311004784689,
    "macro avg": {
        "precision": 0.8194986728551212,
        "recall": 0.8271777529996546,
        "f1-score": 0.8199800298536138,
        "support": 4180.0
    },
    "weighted avg": {
        "precision": 0.8301853084230459,
        "recall": 0.8215311004784689,
        "f1-score": 0.8225864681201228,
        "support": 4180.0
    }
}