{
    "0.0": {
        "precision": 0.8872845831392641,
        "recall": 0.7884933774834437,
        "f1-score": 0.8349769888231426,
        "support": 2416.0
    },
    "1.0": {
        "precision": 0.7486473192326611,
        "recall": 0.86281179138322,
        "f1-score": 0.8016855412167501,
        "support": 1764.0
    },
    "accuracy": 0.8198564593301435,
    "macro avg": {
        "precision": 0.8179659511859626,
        "recall": 0.8256525844333318,
        "f1-score": 0.8183312650199464,
        "support": 4180.0
    },
    "weighted avg": {
        "precision": 0.8287783310982958,
        "recall": 0.8198564593301435,
        "f1-score": 0.820927679354799,
        "support": 4180.0
    }
}