{
    "0.0": {
        "precision": 0.8833792470156107,
        "recall": 0.7963576158940397,
        "f1-score": 0.8376142794949935,
        "support": 2416.0
    },
    "1.0": {
        "precision": 0.7542457542457542,
        "recall": 0.8560090702947846,
        "f1-score": 0.8019118428040362,
        "support": 1764.0
    },
    "accuracy": 0.8215311004784689,
    "macro avg": {
        "precision": 0.8188125006306824,
        "recall": 0.8261833430944121,
        "f1-score": 0.8197630611495148,
        "support": 4180.0
    },
    "weighted avg": {
        "precision": 0.8288836773395277,
        "recall": 0.8215311004784689,
        "f1-score": 0.8225475095612976,
        "support": 4180.0
    }
}