{
    "0.0": {
        "precision": 0.8662337662337662,
        "recall": 0.828228476821192,
        "f1-score": 0.8468049090139653,
        "support": 2416.0
    },
    "1.0": {
        "precision": 0.7780748663101604,
        "recall": 0.8248299319727891,
        "f1-score": 0.8007705008255366,
        "support": 1764.0
    },
    "accuracy": 0.8267942583732057,
    "macro avg": {
        "precision": 0.8221543162719633,
        "recall": 0.8265292043969905,
        "f1-score": 0.823787704919751,
        "support": 4180.0
    },
    "weighted avg": {
        "precision": 0.829029866840168,
        "recall": 0.8267942583732057,
        "f1-score": 0.8273779482377959,
        "support": 4180.0
    }
}