{
    "0.0": {
        "precision": 0.8658271819366045,
        "recall": 0.8253311258278145,
        "f1-score": 0.8450942996397541,
        "support": 2416.0
    },
    "1.0": {
        "precision": 0.7751731486414492,
        "recall": 0.8248299319727891,
        "f1-score": 0.7992309804998626,
        "support": 1764.0
    },
    "accuracy": 0.8251196172248804,
    "macro avg": {
        "precision": 0.8205001652890268,
        "recall": 0.8250805289003018,
        "f1-score": 0.8221626400698083,
        "support": 4180.0
    },
    "weighted avg": {
        "precision": 0.8275703123833379,
        "recall": 0.8251196172248804,
        "f1-score": 0.8257395400792832,
        "support": 4180.0
    }
}