{
    "boosting_type": "gbdt",
    "class_weight": null,
    "colsample_bytree": 0.7550416705324272,
    "importance_type": "split",
    "learning_rate": 0.26992371517621444,
    "max_depth": 5,
    "min_child_samples": 20,
    "min_child_weight": 0.001,
    "min_split_gain": 0.0,
    "n_estimators": 102,
    "n_jobs": -1,
    "num_leaves": 22,
    "objective": null,
    "random_state": 42,
    "reg_alpha": 8.715022016449311e-06,
    "reg_lambda": 3.587506772725946,
    "subsample": 0.9863285464013338,
    "subsample_for_bin": 200000,
    "subsample_freq": 0,
    "scale_pos_weight": 1.3882302528210255
}